"id","create_date","weight","default_code","name_template","create_uid","message_last_post","product_tmpl_id","barcode","volume","write_date","active","write_uid"
"224","2015-12-08 03:41:39.618034","","HDD-DEM","HDD on Demand","1","","22","","","2015-12-08 03:41:39.618034","t","1"
"228","2015-12-08 03:41:39.967688","","LAP-E5","Laptop E5023","1","","28","","","2015-12-08 03:41:39.967688","t","1"
"232","2015-12-08 03:52:53.57776","","CODE123","iPad Retina Display","1","","6","","","2015-12-08 03:52:53.57776","t","1"
"235","2015-12-08 03:52:53.950647","","NEW2","Ice Cream","1","","64","","","2015-12-08 03:52:53.950647","t","1"
"7","2015-11-20 06:54:56.692341","","SAMPLE","iPad Retina Display","1","","6","","","2015-12-07 07:50:54.264316","t","1"
"122","2015-12-07 07:51:52.96112","","CODE123","iPad Retina Display","1","","6","","","2015-12-07 07:51:52.96112","t","1"
"125","2015-12-08 02:56:19.218126","","NEW1","Ice Cream","1","","64","","","2015-12-08 02:56:19.218126","t","1"
"128","2015-12-08 03:04:28.0727","","NEW2","Ice Cream","1","","64","","","2015-12-08 03:04:28.0727","t","1"
"129","2015-12-08 03:05:32.432889","","NEW2","Ice Cream","1","","64","","","2015-12-08 03:05:32.432889","t","1"
"130","2015-12-08 03:06:24.278038","","NEW2","Ice Cream","1","","64","","","2015-12-08 03:06:24.278038","t","1"
"132","2015-12-08 03:08:56.194159","","TESTER","iPad Retina Display","1","","6","","","2015-12-08 03:08:56.194159","t","1"
"136","2015-12-08 03:25:29.197523","","TESTER","iPad Retina Display","1","","6","","","2015-12-08 03:25:29.197523","t","1"
"142","2015-12-08 03:33:38.599314","","TESTTING2","iPad Retina Display","1","","6","","","2015-12-08 03:33:38.599314","t","1"
"147","2015-12-08 03:38:44.103494","","TESTTING4","iPad Retina Display","1","","6","","","2015-12-08 03:38:44.103494","t","1"
"149","2015-12-08 03:41:32.35197","","CODE123","iPad Retina Display","1","","6","","","2015-12-08 03:41:32.35197","t","1"
"153","2015-12-08 03:41:32.765958","","NEW2","Ice Cream","1","","64","","","2015-12-08 03:41:32.765958","t","1"
"68","2015-11-20 07:01:05.359903","1.00","SAMPLE","Ice Cream","1","","64","","","2015-12-07 07:13:09.010365","t","1"
"155","2015-12-08 03:41:32.978668","","TESTER","iPad Retina Display","1","","6","","","2015-12-08 03:41:32.978668","t","1"
"158","2015-12-08 03:41:33.279007","","YYYY123","iPad Retina Display","1","","6","","","2015-12-08 03:41:33.279007","t","1"
"160","2015-12-08 03:41:33.514203","","B3424","Custom Computer (kit)","1","","8","","","2015-12-08 03:41:33.514203","t","1"
"165","2015-12-08 03:41:33.988868","","A8767","Apple In-Ear Headphones","1","","10","","","2015-12-08 03:41:33.988868","t","1"
"167","2015-12-08 03:41:34.184314","","NEW1","Ice Cream","1","","64","","","2015-12-08 03:41:34.184314","t","1"
"173","2015-12-08 03:41:34.792583","","TESTER","iPad Retina Display","1","","6","","","2015-12-08 03:41:34.792583","t","1"
"178","2015-12-08 03:41:35.324084","","SERVER","Server","1","","62","","","2015-12-08 03:41:35.324084","t","1"
"182","2015-12-08 03:41:35.697764","","DSKTAB96","Desktop Computer Table","1","","58","","","2015-12-08 03:41:35.697764","t","1"
"186","2015-12-08 03:41:36.043643","","SIW162","8-port Switch","1","","54","","","2015-12-08 03:41:36.043643","t","1"
"190","2015-12-08 03:41:36.391137","","LAP-CUS","Laptop Customized","1","","30","","","2015-12-08 03:41:36.391137","t","1"
"238","2015-12-08 03:52:54.296679","","TESTER","iPad Retina Display","1","","6","","","2015-12-08 03:52:54.296679","t","1"
"241","2015-12-08 03:52:54.629183","","YYYY123","iPad Retina Display","1","","6","","","2015-12-08 03:52:54.629183","t","1"
"194","2015-12-08 03:41:36.820469","","PD-SP4","Pen drive, SP-4","1","","33","","","2015-12-08 03:41:36.820469","t","1"
"197","2015-12-08 03:41:37.101435","","HEAD","Headset standard","1","","35","","","2015-12-08 03:41:37.101435","t","1"
"201","2015-12-08 03:41:37.449934","","ABC123","iPad Retina Display","1","","6","","","2015-12-08 03:41:37.449934","t","1"
"205","2015-12-08 03:41:37.845971","","ROUT_430","Router R430","1","","48","","","2015-12-08 03:41:37.845971","t","1"
"209","2015-12-08 03:41:38.19827","","DC","Datacard","1","","49","","","2015-12-08 03:41:38.19827","t","1"
"213","2015-12-08 03:41:38.547987","","OSuite","Office Suite","1","","45","","","2015-12-08 03:41:38.547987","t","1"
"220","2015-12-08 03:41:39.264556","","RAM-SR3","RAM SR3","1","","18","","","2015-12-08 03:41:39.264556","t","1"
"3","2015-11-20 06:54:56.692341","","","External Audit","1","","3","","","2015-11-20 06:55:42.593282","t","1"
"245","2015-12-08 03:52:55.077247","","B3423","Bose Mini Bluetooth Speaker","1","","7","","","2015-12-08 03:52:55.077247","t","1"
"249","2015-12-08 03:52:55.55994","9.54","A1090","iMac","1","","11","","","2015-12-08 03:52:55.55994","t","1"
"251","2015-12-08 03:52:55.757999","","AK789","Apple Wireless Keyboard","1","","12","","","2015-12-08 03:52:55.757999","t","1"
"254","2015-12-08 03:52:56.069635","","A6678","iPod","1","","14","","","2015-12-08 03:52:56.069635","t","1"
"257","2015-12-08 03:52:56.398007","","RAM-SR5","RAM SR5","1","","16","","","2015-12-08 03:52:56.398007","t","1"
"262","2015-12-08 03:52:56.942447","","LTLSRVR","Little server","1","","61","","","2015-12-08 03:52:56.942447","t","1"
"266","2015-12-08 03:52:57.298507","","ERMO85","Ergonomic Mouse","1","","57","","","2015-12-08 03:52:57.298507","t","1"
"270","2015-12-08 03:52:57.651124","","LIN12","Linutop","1","","53","","","2015-12-08 03:52:57.651124","t","1"
"274","2015-12-08 03:52:57.997072","","CODE123","iPad Retina Display","1","","6","","","2015-12-08 03:52:57.997072","t","1"
"278","2015-12-08 03:52:58.449676","0.00","NEW2","Ice Cream","1","","64","","","2015-12-08 03:52:58.449676","t","1"
"282","2015-12-08 03:52:58.828049","","WCAM","Webcam","1","","37","","","2015-12-08 03:52:58.828049","t","1"
"287","2015-12-08 03:52:59.324512","","TONER","Toner Cartridge","1","","42","","","2015-12-08 03:52:59.324512","t","1"
"291","2015-12-08 03:52:59.686825","","EXT-HDD","External Hard disk","1","","31","","","2015-12-08 03:52:59.686825","t","1"
"295","2015-12-08 03:53:00.039617","","Zplus","Zed+ Antivirus","1","","46","","","2015-12-08 03:53:00.039617","t","1"
"299","2015-12-08 03:53:00.397424","","TESTER","iPad Retina Display","1","","6","","","2015-12-08 03:53:00.397424","t","1"
"303","2015-12-08 03:53:00.862641","","RAM-SR3","RAM SR3","1","","18","","","2015-12-08 03:53:00.862641","t","1"
"307","2015-12-08 03:53:01.217757","","HDD-DEM","HDD on Demand","1","","22","","","2015-12-08 03:53:01.217757","t","1"
"308","2015-12-08 03:53:01.309096","","MBa20","Motherboard A20Z7","1","","24","","","2015-12-08 03:53:01.309096","t","1"
"311","2015-12-08 03:53:01.597552","","LAP-E5","Laptop E5023","1","","28","","","2015-12-08 03:53:01.597552","t","1"
"312","2015-12-08 03:53:01.686195","","LAP-S3","Laptop S3450","1","","29","","","2015-12-08 03:53:01.686195","t","1"
"318","2015-12-08 07:07:42.447012","","NEW2","Ice Cream","1","","64","","","2015-12-08 07:07:42.447012","t","1"
"320","2015-12-08 07:07:42.690262","","TESTER","iPad Retina Display","1","","6","","","2015-12-08 07:07:42.690262","t","1"
"326","2015-12-08 07:07:43.532534","","B3424","Custom Computer (kit)","1","","8","","","2015-12-08 07:07:43.532534","t","1"
"328","2015-12-08 07:07:43.724566","","B3423","Bose Mini Bluetooth Speaker","1","","7","","","2015-12-08 07:07:43.724566","t","1"
"331","2015-12-08 07:07:44.060513","","A8767","Apple In-Ear Headphones","1","","10","","","2015-12-08 07:07:44.060513","t","1"
"333","2015-12-08 07:07:44.248441","","NEW1","Ice Cream","1","","64","","","2015-12-08 07:07:44.248441","t","1"
"335","2015-12-08 07:07:44.451844","","M-Opt","Mouse, Optical","1","","13","","","2015-12-08 07:07:44.451844","t","1"
"337","2015-12-08 07:07:44.66278","","A6678","iPod","1","","14","","","2015-12-08 07:07:44.66278","t","1"
"339","2015-12-08 07:07:44.843546","","TESTER","iPad Retina Display","1","","6","","","2015-12-08 07:07:44.843546","t","1"
"341","2015-12-08 07:07:45.167988","","ABC123","iPad Retina Display","1","","6","","","2015-12-08 07:07:45.167988","t","1"
"348","2015-12-08 07:07:45.925451","","DSKTAB96","Desktop Computer Table","1","","58","","","2015-12-08 07:07:45.925451","t","1"
"349","2015-12-08 07:07:46.02027","","ERMO85","Ergonomic Mouse","1","","57","","","2015-12-08 07:07:46.02027","t","1"
"350","2015-12-08 07:07:46.11646","","TDKEY1","TypeMatrix Dvorak Keyboard","1","","56","","","2015-12-08 07:07:46.11646","t","1"
"351","2015-12-08 07:07:46.204803","","RJ45","30m RJ45 wire","1","","55","","","2015-12-08 07:07:46.204803","t","1"
"352","2015-12-08 07:07:46.29652","","SIW162","8-port Switch","1","","54","","","2015-12-08 07:07:46.29652","t","1"
"353","2015-12-08 07:07:46.385412","","LIN12","Linutop","1","","53","","","2015-12-08 07:07:46.385412","t","1"
"354","2015-12-08 07:07:46.473729","","DELL15","Dell Inspiron Laptop without OS","1","","52","","","2015-12-08 07:07:46.473729","t","1"
"355","2015-12-08 07:07:46.562609","","","Support Services","1","","4","","","2015-12-08 07:07:46.562609","t","1"
"121","2015-12-07 04:46:07.327523","","YYYY123","iPad Retina Display","1","","6","","","2015-12-07 04:46:07.327523","t","1"
"6","2015-11-20 06:54:56.692341","","A2323","iPad Retina Display","1","","6","","","2015-11-20 07:01:05.359903","t","1"
"11","2015-11-20 06:54:56.692341","","B3424","Custom Computer (kit)","1","","8","","","2015-11-20 07:01:05.359903","t","1"
"5","2015-11-20 06:54:56.692341","","SAMPLE","Computer SC234","1","","5","","","2015-12-07 07:17:31.572299","t","1"
"10","2015-11-20 06:54:56.692341","","B3423","Bose Mini Bluetooth Speaker","1","","7","","","2015-11-20 07:01:05.359903","t","1"
"12","2015-11-20 06:54:56.692341","0.33","A1232","iPad Mini","1","","9","","","2015-11-20 07:01:05.359903","t","1"
"123","2015-12-07 09:49:07.701845","","CODE123","iPad Retina Display","1","","6","","","2015-12-07 09:49:07.701845","t","1"
"13","2015-11-20 06:54:56.692341","","A8767","Apple In-Ear Headphones","1","","10","","","2015-11-20 07:01:05.359903","t","1"
"14","2015-11-20 06:54:56.692341","9.54","A1090","iMac","1","","11","","","2015-11-20 07:01:05.359903","t","1"
"126","2015-12-08 02:59:23.286338","","NEW1","Ice Cream","1","","64","","","2015-12-08 02:59:23.286338","t","1"
"15","2015-11-20 06:54:56.692341","","AK789","Apple Wireless Keyboard","1","","12","","","2015-11-20 07:01:05.359903","t","1"
"16","2015-11-20 06:54:56.692341","","M-Opt","Mouse, Optical","1","","13","","","2015-11-20 07:01:05.359903","t","1"
"127","2015-12-08 03:00:00.609097","","NEW1","Ice Cream","1","","64","","","2015-12-08 03:00:00.609097","t","1"
"17","2015-11-20 06:54:56.692341","","A6678","iPod","1","","14","","","2015-11-20 07:01:05.359903","t","1"
"19","2015-11-20 06:54:56.692341","","M-Wir","Mouse, Wireless","1","","15","","","2015-11-20 07:01:05.359903","t","1"
"131","2015-12-08 03:08:56.068074","","TESTER","iPad Retina Display","1","","6","","","2015-12-08 03:08:56.068074","t","1"
"20","2015-11-20 06:54:56.692341","","RAM-SR5","RAM SR5","1","","16","","","2015-11-20 07:01:05.359903","t","1"
"116","2015-12-04 06:10:06.349331","","ABC123","iPad Retina Display","1","","6","","","2015-12-04 06:10:06.349331","t","1"
"137","2015-12-08 03:29:35.301973","","TESTTING","iPad Retina Display","1","","6","","","2015-12-08 03:29:35.301973","t","1"
"55","2015-11-20 06:54:56.692341","","ADPT","USB Adapter","1","","51","","","2015-11-20 07:01:29.032637","t","1"
"138","2015-12-08 03:33:14.762202","","TESTTING1","iPad Retina Display","1","","6","","","2015-12-08 03:33:14.762202","t","1"
"141","2015-12-08 03:33:15.098755","","TESTTING4","iPad Retina Display","1","","6","","","2015-12-08 03:33:15.098755","t","1"
"144","2015-12-08 03:33:38.821139","","TESTTING4","iPad Retina Display","1","","6","","","2015-12-08 03:33:38.821139","t","1"
"145","2015-12-08 03:38:43.851545","","TESTTING2","iPad Retina Display","1","","6","","","2015-12-08 03:38:43.851545","t","1"
"151","2015-12-08 03:41:32.567927","","NEW2","Ice Cream","1","","64","","","2015-12-08 03:41:32.567927","t","1"
"154","2015-12-08 03:41:32.862855","","TESTER","iPad Retina Display","1","","6","","","2015-12-08 03:41:32.862855","t","1"
"157","2015-12-08 03:41:33.192652","","","External Audit","1","","3","","","2015-12-08 03:41:33.192652","t","1"
"161","2015-12-08 03:41:33.604716","","SAMPLE","Computer SC234","1","","5","","","2015-12-08 03:41:33.604716","t","1"
"166","2015-12-08 03:41:34.081571","9.54","A1090","iMac","1","","11","","","2015-12-08 03:41:34.081571","t","1"
"170","2015-12-08 03:41:34.488938","","NEW1","Ice Cream","1","","64","","","2015-12-08 03:41:34.488938","t","1"
"177","2015-12-08 03:41:35.238722","","ADPT","USB Adapter","1","","51","","","2015-12-08 03:41:35.238722","t","1"
"181","2015-12-08 03:41:35.611038","","DSKLM12","Desktop Lamp","1","","59","","","2015-12-08 03:41:35.611038","t","1"
"185","2015-12-08 03:41:35.95876","","RJ45","30m RJ45 wire","1","","55","","","2015-12-08 03:41:35.95876","t","1"
"189","2015-12-08 03:41:36.303938","","","Support Services","1","","4","","","2015-12-08 03:41:36.303938","t","1"
"192","2015-12-08 03:41:36.60966","","TESTER","iPad Retina Display","1","","6","","","2015-12-08 03:41:36.60966","t","1"
"198","2015-12-08 03:41:37.189055","","HEAD-USB","Headset USB","1","","36","","","2015-12-08 03:41:37.189055","t","1"
"66","2015-11-20 06:54:56.692341","","SERVER","Server","1","","62","","","2015-11-20 06:55:42.593282","t","1"
"202","2015-12-08 03:41:37.582776","","PRINT","Printer, All-in-one","1","","40","","","2015-12-08 03:41:37.582776","t","1"
"65","2015-11-20 06:54:56.692341","","LTLSRVR","Little server","1","","61","","","2015-11-20 06:55:42.593282","t","1"
"64","2015-11-20 06:54:56.692341","","BASICCOMP","Basic Computer","1","","60","","","2015-11-20 06:55:42.593282","t","1"
"206","2015-12-08 03:41:37.934248","","SW24","Switch, 24 ports","1","","50","","","2015-12-08 03:41:37.934248","t","1"
"63","2015-11-20 06:54:56.692341","","DSKLM12","Desktop Lamp","1","","59","","","2015-11-20 06:55:42.593282","t","1"
"62","2015-11-20 06:54:56.692341","","DSKTAB96","Desktop Computer Table","1","","58","","","2015-11-20 06:55:42.593282","t","1"
"210","2015-12-08 03:41:38.282845","","","Deposit","1","","63","","","2015-12-08 03:41:38.282845","t","1"
"61","2015-11-20 06:54:56.692341","","ERMO85","Ergonomic Mouse","1","","57","","","2015-11-20 06:55:42.593282","t","1"
"60","2015-11-20 06:54:56.692341","","TDKEY1","TypeMatrix Dvorak Keyboard","1","","56","","","2015-11-20 06:55:42.593282","t","1"
"214","2015-12-08 03:41:38.641656","","WServer","Windows Home Server 2011","1","","44","","","2015-12-08 03:41:38.641656","t","1"
"59","2015-11-20 06:54:56.692341","","RJ45","30m RJ45 wire","1","","55","","","2015-11-20 06:55:42.593282","t","1"
"58","2015-11-20 06:54:56.692341","","SIW162","8-port Switch","1","","54","","","2015-11-20 06:55:42.593282","t","1"
"217","2015-12-08 03:41:38.959232","","ABC123","iPad Retina Display","1","","6","","","2015-12-08 03:41:38.959232","t","1"
"57","2015-11-20 06:54:56.692341","","LIN12","Linutop","1","","53","","","2015-11-20 06:55:42.593282","t","1"
"56","2015-11-20 06:54:56.692341","","DELL15","Dell Inspiron Laptop without OS","1","","52","","","2015-11-20 06:55:42.593282","t","1"
"221","2015-12-08 03:41:39.350476","","C-Case","Computer Case","1","","19","","","2015-12-08 03:41:39.350476","t","1"
"225","2015-12-08 03:41:39.707635","","MBa20","Motherboard A20Z7","1","","24","","","2015-12-08 03:41:39.707635","t","1"
"229","2015-12-08 03:41:40.053803","","LAP-S3","Laptop S3450","1","","29","","","2015-12-08 03:41:40.053803","t","1"
"233","2015-12-08 03:52:53.730906","","NEW1","Ice Cream","1","","64","","","2015-12-08 03:52:53.730906","t","1"
"237","2015-12-08 03:52:54.165803","","TESTER","iPad Retina Display","1","","6","","","2015-12-08 03:52:54.165803","t","1"
"239","2015-12-08 03:52:54.430313","1.00","SAMPLE","Ice Cream","1","","64","","","2015-12-08 03:52:54.430313","t","1"
"242","2015-12-08 03:52:54.76122","","A2323","iPad Retina Display","1","","6","","","2015-12-08 03:52:54.76122","t","1"
"247","2015-12-08 03:52:55.333519","","CODE123","iPad Retina Display","1","","6","","","2015-12-08 03:52:55.333519","t","1"
"250","2015-12-08 03:52:55.649939","","NEW1","Ice Cream","1","","64","","","2015-12-08 03:52:55.649939","t","1"
"256","2015-12-08 03:52:56.259184","","TESTER","iPad Retina Display","1","","6","","","2015-12-08 03:52:56.259184","t","1"
"261","2015-12-08 03:52:56.855379","","SERVER","Server","1","","62","","","2015-12-08 03:52:56.855379","t","1"
"265","2015-12-08 03:52:57.207954","","DSKTAB96","Desktop Computer Table","1","","58","","","2015-12-08 03:52:57.207954","t","1"
"269","2015-12-08 03:52:57.562008","","SIW162","8-port Switch","1","","54","","","2015-12-08 03:52:57.562008","t","1"
"273","2015-12-08 03:52:57.909679","","LAP-CUS","Laptop Customized","1","","30","","","2015-12-08 03:52:57.909679","t","1"
"4","2015-11-20 06:54:56.692341","","","Support Services","1","","4","","","2015-11-20 06:55:42.593282","t","1"
"276","2015-12-08 03:52:58.275193","","PD-SP2","Pen drive, SP-2","1","","32","","","2015-12-08 03:52:58.275193","t","1"
"279","2015-12-08 03:52:58.563545","","MM-SPK","Multimedia Speakers","1","","34","","","2015-12-08 03:52:58.563545","t","1"
"283","2015-12-08 03:52:58.914403","","CD","Blank CD","1","","38","","","2015-12-08 03:52:58.914403","t","1"
"285","2015-12-08 03:52:59.146152","","PRINT","Printer, All-in-one","1","","40","","","2015-12-08 03:52:59.146152","t","1"
"289","2015-12-08 03:52:59.505088","","SW24","Switch, 24 ports","1","","50","","","2015-12-08 03:52:59.505088","t","1"
"293","2015-12-08 03:52:59.864219","","","Deposit","1","","63","","","2015-12-08 03:52:59.864219","t","1"
"297","2015-12-08 03:53:00.217966","","WServer","Windows Home Server 2011","1","","44","","","2015-12-08 03:53:00.217966","t","1"
"300","2015-12-08 03:53:00.542452","","ABC123","iPad Retina Display","1","","6","","","2015-12-08 03:53:00.542452","t","1"
"304","2015-12-08 03:53:00.951321","","C-Case","Computer Case","1","","19","","","2015-12-08 03:53:00.951321","t","1"
"34","2015-11-20 06:54:56.692341","","LAP-CUS","Laptop Customized","1","","30","","","2015-11-20 07:01:05.359903","t","1"
"124","2015-12-07 11:35:59.132306","","CODE123","iPad Retina Display","1","","6","","","2015-12-07 11:35:59.132306","t","1"
"133","2015-12-08 03:12:07.690638","","TESTER","iPad Retina Display","1","","6","","","2015-12-08 03:12:07.690638","t","1"
"36","2015-11-20 06:54:56.692341","","PD-SP2","Pen drive, SP-2","1","","32","","","2015-11-20 07:01:05.359903","t","1"
"37","2015-11-20 06:54:56.692341","","PD-SP4","Pen drive, SP-4","1","","33","","","2015-11-20 07:01:05.359903","t","1"
"135","2015-12-08 03:13:28.222962","0.00","NEW2","Ice Cream","1","","64","","","2015-12-08 03:13:28.222962","t","1"
"38","2015-11-20 06:54:56.692341","","MM-SPK","Multimedia Speakers","1","","34","","","2015-11-20 07:01:05.359903","t","1"
"39","2015-11-20 06:54:56.692341","","HEAD","Headset standard","1","","35","","","2015-11-20 07:01:05.359903","t","1"
"140","2015-12-08 03:33:14.99165","","TESTTING3","iPad Retina Display","1","","6","","","2015-12-08 03:33:14.99165","t","1"
"40","2015-11-20 06:54:56.692341","","HEAD-USB","Headset USB","1","","36","","","2015-11-20 07:01:05.359903","t","1"
"41","2015-11-20 06:54:56.692341","","WCAM","Webcam","1","","37","","","2015-11-20 07:01:05.359903","t","1"
"143","2015-12-08 03:33:38.709572","","TESTTING3","iPad Retina Display","1","","6","","","2015-12-08 03:33:38.709572","t","1"
"42","2015-11-20 06:54:56.692341","","CD","Blank CD","1","","38","","","2015-11-20 07:01:05.359903","t","1"
"117","2015-12-04 06:10:07.903276","","ABC123","iPad Retina Display","1","","6","","","2015-12-04 06:10:07.903276","t","1"
"146","2015-12-08 03:38:43.98784","","TESTTING3","iPad Retina Display","1","","6","","","2015-12-08 03:38:43.98784","t","1"
"44","2015-11-20 06:54:56.692341","","PRINT","Printer, All-in-one","1","","40","","","2015-11-20 07:01:05.359903","t","1"
"45","2015-11-20 06:54:56.692341","","INK","Ink Cartridge","1","","41","","","2015-11-20 07:01:05.359903","t","1"
"150","2015-12-08 03:41:32.469077","","NEW1","Ice Cream","1","","64","","","2015-12-08 03:41:32.469077","t","1"
"46","2015-11-20 06:54:56.692341","","TONER","Toner Cartridge","1","","42","","","2015-11-20 07:01:05.359903","t","1"
"52","2015-11-20 06:54:56.692341","","ROUT_430","Router R430","1","","48","","","2015-11-20 07:01:05.359903","t","1"
"152","2015-12-08 03:41:32.669789","","NEW2","Ice Cream","1","","64","","","2015-12-08 03:41:32.669789","t","1"
"156","2015-12-08 03:41:33.09416","1.00","SAMPLE","Ice Cream","1","","64","","","2015-12-08 03:41:33.09416","t","1"
"54","2015-11-20 06:54:56.692341","","SW24","Switch, 24 ports","1","","50","","","2015-11-20 07:01:05.359903","t","1"
"43","2015-11-20 06:54:56.692341","","DVD","Blank DVD-RW","1","","39","","","2015-11-20 07:01:29.032637","t","1"
"159","2015-12-08 03:41:33.395404","","A2323","iPad Retina Display","1","","6","","","2015-12-08 03:41:33.395404","t","1"
"35","2015-11-20 06:54:56.692341","","EXT-HDD","External Hard disk","1","","31","","","2015-11-20 07:01:29.032637","t","1"
"53","2015-11-20 06:54:56.692341","","DC","Datacard","1","","49","","","2015-11-20 07:01:29.032637","t","1"
"163","2015-12-08 03:41:33.781867","0.33","A1232","iPad Mini","1","","9","","","2015-12-08 03:41:33.781867","t","1"
"168","2015-12-08 03:41:34.302668","","AK789","Apple Wireless Keyboard","1","","12","","","2015-12-08 03:41:34.302668","t","1"
"171","2015-12-08 03:41:34.605981","","A6678","iPod","1","","14","","","2015-12-08 03:41:34.605981","t","1"
"174","2015-12-08 03:41:34.913761","","RAM-SR5","RAM SR5","1","","16","","","2015-12-08 03:41:34.913761","t","1"
"176","2015-12-08 03:41:35.118385","","TESTTING","iPad Retina Display","1","","6","","","2015-12-08 03:41:35.118385","t","1"
"67","2015-11-20 06:55:42.593282","","","Deposit","1","","63","","","2015-11-20 06:55:42.593282","t","1"
"180","2015-12-08 03:41:35.499125","","BASICCOMP","Basic Computer","1","","60","","","2015-12-08 03:41:35.499125","t","1"
"184","2015-12-08 03:41:35.871751","","TDKEY1","TypeMatrix Dvorak Keyboard","1","","56","","","2015-12-08 03:41:35.871751","t","1"
"188","2015-12-08 03:41:36.217503","","DELL15","Dell Inspiron Laptop without OS","1","","52","","","2015-12-08 03:41:36.217503","t","1"
"195","2015-12-08 03:41:36.907569","0.00","NEW2","Ice Cream","1","","64","","","2015-12-08 03:41:36.907569","t","1"
"51","2015-11-20 06:54:56.692341","","GRAPs/w","GrapWorks Software","1","","47","","","2015-11-20 06:55:42.593282","t","1"
"50","2015-11-20 06:54:56.692341","","Zplus","Zed+ Antivirus","1","","46","","","2015-11-20 06:55:42.593282","t","1"
"199","2015-12-08 03:41:37.276759","","WCAM","Webcam","1","","37","","","2015-12-08 03:41:37.276759","t","1"
"49","2015-11-20 06:54:56.692341","","OSuite","Office Suite","1","","45","","","2015-11-20 06:55:42.593282","t","1"
"48","2015-11-20 06:54:56.692341","","WServer","Windows Home Server 2011","1","","44","","","2015-11-20 06:55:42.593282","t","1"
"203","2015-12-08 03:41:37.670811","","INK","Ink Cartridge","1","","41","","","2015-12-08 03:41:37.670811","t","1"
"47","2015-11-20 06:54:56.692341","","Win7","Windows 7 Professional","1","","43","","","2015-11-20 06:55:42.593282","t","1"
"207","2015-12-08 03:41:38.023074","","DVD","Blank DVD-RW","1","","39","","","2015-12-08 03:41:38.023074","t","1"
"211","2015-12-08 03:41:38.373232","","GRAPs/w","GrapWorks Software","1","","47","","","2015-12-08 03:41:38.373232","t","1"
"215","2015-12-08 03:41:38.728824","","Win7","Windows 7 Professional","1","","43","","","2015-12-08 03:41:38.728824","t","1"
"219","2015-12-08 03:41:39.17411","","RAM-SR2","RAM SR2 (kit)","1","","17","","","2015-12-08 03:41:39.17411","t","1"
"223","2015-12-08 03:41:39.527226","","HDD-SH2","HDD SH-2 (mto)","1","","21","","","2015-12-08 03:41:39.527226","t","1"
"227","2015-12-08 03:41:39.879935","","CARD","Graphics Card","1","","27","","","2015-12-08 03:41:39.879935","t","1"
"231","2015-12-08 03:41:40.246839","","MBi9","Motherboard I9P57","1","","23","","","2015-12-08 03:41:40.246839","t","1"
"234","2015-12-08 03:52:53.842771","","NEW2","Ice Cream","1","","64","","","2015-12-08 03:52:53.842771","t","1"
"236","2015-12-08 03:52:54.058053","","NEW2","Ice Cream","1","","64","","","2015-12-08 03:52:54.058053","t","1"
"240","2015-12-08 03:52:54.539733","","","External Audit","1","","3","","","2015-12-08 03:52:54.539733","t","1"
"243","2015-12-08 03:52:54.895746","","B3424","Custom Computer (kit)","1","","8","","","2015-12-08 03:52:54.895746","t","1"
"253","2015-12-08 03:52:55.957129","","NEW1","Ice Cream","1","","64","","","2015-12-08 03:52:55.957129","t","1"
"259","2015-12-08 03:52:56.628899","","TESTTING","iPad Retina Display","1","","6","","","2015-12-08 03:52:56.628899","t","1"
"263","2015-12-08 03:52:57.031058","","BASICCOMP","Basic Computer","1","","60","","","2015-12-08 03:52:57.031058","t","1"
"267","2015-12-08 03:52:57.386317","","TDKEY1","TypeMatrix Dvorak Keyboard","1","","56","","","2015-12-08 03:52:57.386317","t","1"
"271","2015-12-08 03:52:57.737761","","DELL15","Dell Inspiron Laptop without OS","1","","52","","","2015-12-08 03:52:57.737761","t","1"
"277","2015-12-08 03:52:58.364524","","PD-SP4","Pen drive, SP-4","1","","33","","","2015-12-08 03:52:58.364524","t","1"
"280","2015-12-08 03:52:58.651112","","HEAD","Headset standard","1","","35","","","2015-12-08 03:52:58.651112","t","1"
"284","2015-12-08 03:52:59.00105","","ABC123","iPad Retina Display","1","","6","","","2015-12-08 03:52:59.00105","t","1"
"288","2015-12-08 03:52:59.415253","","ROUT_430","Router R430","1","","48","","","2015-12-08 03:52:59.415253","t","1"
"292","2015-12-08 03:52:59.776303","","DC","Datacard","1","","49","","","2015-12-08 03:52:59.776303","t","1"
"296","2015-12-08 03:53:00.129956","","OSuite","Office Suite","1","","45","","","2015-12-08 03:53:00.129956","t","1"
"302","2015-12-08 03:53:00.776774","","RAM-SR2","RAM SR2 (kit)","1","","17","","","2015-12-08 03:53:00.776774","t","1"
"306","2015-12-08 03:53:01.129498","","HDD-SH2","HDD SH-2 (mto)","1","","21","","","2015-12-08 03:53:01.129498","t","1"
"310","2015-12-08 03:53:01.503573","","CARD","Graphics Card","1","","27","","","2015-12-08 03:53:01.503573","t","1"
"314","2015-12-08 03:53:01.862611","","MBi9","Motherboard I9P57","1","","23","","","2015-12-08 03:53:01.862611","t","1"
"315","2015-12-08 07:07:42.027798","","CODE123","iPad Retina Display","1","","6","","","2015-12-08 07:07:42.027798","t","1"
"317","2015-12-08 07:07:42.329562","","NEW2","Ice Cream","1","","64","","","2015-12-08 07:07:42.329562","t","1"
"321","2015-12-08 07:07:42.836756","","TESTER","iPad Retina Display","1","","6","","","2015-12-08 07:07:42.836756","t","1"
"323","2015-12-08 07:07:43.1129","","","External Audit","1","","3","","","2015-12-08 07:07:43.1129","t","1"
"325","2015-12-08 07:07:43.382242","","A2323","iPad Retina Display","1","","6","","","2015-12-08 07:07:43.382242","t","1"
"327","2015-12-08 07:07:43.631325","","SAMPLE","Computer SC234","1","","5","","","2015-12-08 07:07:43.631325","t","1"
"134","2015-12-08 03:12:07.814747","","TESTER","iPad Retina Display","1","","6","","","2015-12-08 03:12:07.814747","t","1"
"139","2015-12-08 03:33:14.886073","","TESTTING2","iPad Retina Display","1","","6","","","2015-12-08 03:33:14.886073","t","1"
"148","2015-12-08 03:41:32.204114","","SAMPLE","iPad Retina Display","1","","6","","","2015-12-08 03:41:32.204114","t","1"
"162","2015-12-08 03:41:33.695506","","B3423","Bose Mini Bluetooth Speaker","1","","7","","","2015-12-08 03:41:33.695506","t","1"
"164","2015-12-08 03:41:33.868857","","CODE123","iPad Retina Display","1","","6","","","2015-12-08 03:41:33.868857","t","1"
"118","2015-12-04 07:20:41.013442","","ABC123","iPad Retina Display","1","","6","","","2015-12-04 07:20:41.013442","t","1"
"2","2015-11-20 06:54:56.692341","","","GAP Analysis Service","1","","2","","","2015-11-20 06:55:42.593282","t","1"
"169","2015-12-08 03:41:34.394846","","M-Opt","Mouse, Optical","1","","13","","","2015-12-08 03:41:34.394846","t","1"
"21","2015-11-20 06:54:56.692341","","RAM-SR2","RAM SR2 (kit)","1","","17","","","2015-11-20 07:01:05.359903","t","1"
"22","2015-11-20 06:54:56.692341","","RAM-SR3","RAM SR3","1","","18","","","2015-11-20 07:01:05.359903","t","1"
"172","2015-12-08 03:41:34.702034","","M-Wir","Mouse, Wireless","1","","15","","","2015-12-08 03:41:34.702034","t","1"
"23","2015-11-20 06:54:56.692341","","C-Case","Computer Case","1","","19","","","2015-11-20 07:01:05.359903","t","1"
"24","2015-11-20 06:54:56.692341","","HDD-SH1","HDD SH-1","1","","20","","","2015-11-20 07:01:05.359903","t","1"
"175","2015-12-08 03:41:34.998469","","ABC123","iPad Retina Display","1","","6","","","2015-12-08 03:41:34.998469","t","1"
"25","2015-11-20 06:54:56.692341","","HDD-SH2","HDD SH-2 (mto)","1","","21","","","2015-11-20 07:01:05.359903","t","1"
"26","2015-11-20 06:54:56.692341","","HDD-DEM","HDD on Demand","1","","22","","","2015-11-20 07:01:05.359903","t","1"
"179","2015-12-08 03:41:35.411438","","LTLSRVR","Little server","1","","61","","","2015-12-08 03:41:35.411438","t","1"
"183","2015-12-08 03:41:35.785083","","ERMO85","Ergonomic Mouse","1","","57","","","2015-12-08 03:41:35.785083","t","1"
"28","2015-11-20 06:54:56.692341","","MBa20","Motherboard A20Z7","1","","24","","","2015-11-20 07:01:05.359903","t","1"
"29","2015-11-20 06:54:56.692341","","CPUi5","Processor Core i5 2.70 Ghz","1","","25","","","2015-11-20 07:01:05.359903","t","1"
"187","2015-12-08 03:41:36.13112","","LIN12","Linutop","1","","53","","","2015-12-08 03:41:36.13112","t","1"
"191","2015-12-08 03:41:36.484126","","CODE123","iPad Retina Display","1","","6","","","2015-12-08 03:41:36.484126","t","1"
"31","2015-11-20 06:54:56.692341","","CARD","Graphics Card","1","","27","","","2015-11-20 07:01:05.359903","t","1"
"32","2015-11-20 06:54:56.692341","","LAP-E5","Laptop E5023","1","","28","","","2015-11-20 07:01:05.359903","t","1"
"193","2015-12-08 03:41:36.734956","","PD-SP2","Pen drive, SP-2","1","","32","","","2015-12-08 03:41:36.734956","t","1"
"33","2015-11-20 06:54:56.692341","","LAP-S3","Laptop S3450","1","","29","","","2015-11-20 07:01:05.359903","t","1"
"30","2015-11-20 06:54:56.692341","","CPUa8","Processor AMD 8-Core","1","","26","","","2015-11-20 07:01:29.032637","t","1"
"196","2015-12-08 03:41:37.014075","","MM-SPK","Multimedia Speakers","1","","34","","","2015-12-08 03:41:37.014075","t","1"
"27","2015-11-20 06:54:56.692341","","MBi9","Motherboard I9P57","1","","23","","","2015-11-20 07:01:29.032637","t","1"
"200","2015-12-08 03:41:37.363375","","CD","Blank CD","1","","38","","","2015-12-08 03:41:37.363375","t","1"
"204","2015-12-08 03:41:37.758012","","TONER","Toner Cartridge","1","","42","","","2015-12-08 03:41:37.758012","t","1"
"208","2015-12-08 03:41:38.109096","","EXT-HDD","External Hard disk","1","","31","","","2015-12-08 03:41:38.109096","t","1"
"212","2015-12-08 03:41:38.459259","","Zplus","Zed+ Antivirus","1","","46","","","2015-12-08 03:41:38.459259","t","1"
"216","2015-12-08 03:41:38.831919","","TESTER","iPad Retina Display","1","","6","","","2015-12-08 03:41:38.831919","t","1"
"218","2015-12-08 03:41:39.086902","","","GAP Analysis Service","1","","2","","","2015-12-08 03:41:39.086902","t","1"
"222","2015-12-08 03:41:39.44016","","HDD-SH1","HDD SH-1","1","","20","","","2015-12-08 03:41:39.44016","t","1"
"226","2015-12-08 03:41:39.794116","","CPUi5","Processor Core i5 2.70 Ghz","1","","25","","","2015-12-08 03:41:39.794116","t","1"
"230","2015-12-08 03:41:40.140924","","CPUa8","Processor AMD 8-Core","1","","26","","","2015-12-08 03:41:40.140924","t","1"
"244","2015-12-08 03:52:54.986131","","SAMPLE","Computer SC234","1","","5","","","2015-12-08 03:52:54.986131","t","1"
"246","2015-12-08 03:52:55.168156","0.33","A1232","iPad Mini","1","","9","","","2015-12-08 03:52:55.168156","t","1"
"248","2015-12-08 03:52:55.468744","","A8767","Apple In-Ear Headphones","1","","10","","","2015-12-08 03:52:55.468744","t","1"
"252","2015-12-08 03:52:55.868816","","M-Opt","Mouse, Optical","1","","13","","","2015-12-08 03:52:55.868816","t","1"
"255","2015-12-08 03:52:56.169959","","M-Wir","Mouse, Wireless","1","","15","","","2015-12-08 03:52:56.169959","t","1"
"258","2015-12-08 03:52:56.486375","","ABC123","iPad Retina Display","1","","6","","","2015-12-08 03:52:56.486375","t","1"
"260","2015-12-08 03:52:56.767303","","ADPT","USB Adapter","1","","51","","","2015-12-08 03:52:56.767303","t","1"
"264","2015-12-08 03:52:57.119411","","DSKLM12","Desktop Lamp","1","","59","","","2015-12-08 03:52:57.119411","t","1"
"268","2015-12-08 03:52:57.471335","","RJ45","30m RJ45 wire","1","","55","","","2015-12-08 03:52:57.471335","t","1"
"272","2015-12-08 03:52:57.824353","","","Support Services","1","","4","","","2015-12-08 03:52:57.824353","t","1"
"275","2015-12-08 03:52:58.135623","","TESTER","iPad Retina Display","1","","6","","","2015-12-08 03:52:58.135623","t","1"
"281","2015-12-08 03:52:58.740263","","HEAD-USB","Headset USB","1","","36","","","2015-12-08 03:52:58.740263","t","1"
"286","2015-12-08 03:52:59.235971","","INK","Ink Cartridge","1","","41","","","2015-12-08 03:52:59.235971","t","1"
"290","2015-12-08 03:52:59.597934","","DVD","Blank DVD-RW","1","","39","","","2015-12-08 03:52:59.597934","t","1"
"294","2015-12-08 03:52:59.950438","","GRAPs/w","GrapWorks Software","1","","47","","","2015-12-08 03:52:59.950438","t","1"
"298","2015-12-08 03:53:00.30683","","Win7","Windows 7 Professional","1","","43","","","2015-12-08 03:53:00.30683","t","1"
"301","2015-12-08 03:53:00.689937","","","GAP Analysis Service","1","","2","","","2015-12-08 03:53:00.689937","t","1"
"305","2015-12-08 03:53:01.040469","","HDD-SH1","HDD SH-1","1","","20","","","2015-12-08 03:53:01.040469","t","1"
"309","2015-12-08 03:53:01.406458","","CPUi5","Processor Core i5 2.70 Ghz","1","","25","","","2015-12-08 03:53:01.406458","t","1"
"313","2015-12-08 03:53:01.773762","","CPUa8","Processor AMD 8-Core","1","","26","","","2015-12-08 03:53:01.773762","t","1"
"316","2015-12-08 07:07:42.212509","","NEW1","Ice Cream","1","","64","","","2015-12-08 07:07:42.212509","t","1"
"319","2015-12-08 07:07:42.5682","","NEW2","Ice Cream","1","","64","","","2015-12-08 07:07:42.5682","t","1"
"322","2015-12-08 07:07:42.992129","1.00","SAMPLE","Ice Cream","1","","64","","","2015-12-08 07:07:42.992129","t","1"
"324","2015-12-08 07:07:43.207049","","YYYY123","iPad Retina Display","1","","6","","","2015-12-08 07:07:43.207049","t","1"
"329","2015-12-08 07:07:43.814189","0.33","A1232","iPad Mini","1","","9","","","2015-12-08 07:07:43.814189","t","1"
"330","2015-12-08 07:07:43.907291","","CODE123","iPad Retina Display","1","","6","","","2015-12-08 07:07:43.907291","t","1"
"332","2015-12-08 07:07:44.155139","9.54","A1090","iMac","1","","11","","","2015-12-08 07:07:44.155139","t","1"
"334","2015-12-08 07:07:44.365235","","AK789","Apple Wireless Keyboard","1","","12","","","2015-12-08 07:07:44.365235","t","1"
"336","2015-12-08 07:07:44.54612","","NEW1","Ice Cream","1","","64","","","2015-12-08 07:07:44.54612","t","1"
"338","2015-12-08 07:07:44.751914","","M-Wir","Mouse, Wireless","1","","15","","","2015-12-08 07:07:44.751914","t","1"
"340","2015-12-08 07:07:45.077458","","RAM-SR5","RAM SR5","1","","16","","","2015-12-08 07:07:45.077458","t","1"
"342","2015-12-08 07:07:45.318514","","TESTTING","iPad Retina Display","1","","6","","","2015-12-08 07:07:45.318514","t","1"
"343","2015-12-08 07:07:45.471368","","ADPT","USB Adapter","1","","51","","","2015-12-08 07:07:45.471368","t","1"
"344","2015-12-08 07:07:45.561791","","SERVER","Server","1","","62","","","2015-12-08 07:07:45.561791","t","1"
"345","2015-12-08 07:07:45.650624","","LTLSRVR","Little server","1","","61","","","2015-12-08 07:07:45.650624","t","1"
"346","2015-12-08 07:07:45.743951","","BASICCOMP","Basic Computer","1","","60","","","2015-12-08 07:07:45.743951","t","1"
"347","2015-12-08 07:07:45.836162","","DSKLM12","Desktop Lamp","1","","59","","","2015-12-08 07:07:45.836162","t","1"
"356","2015-12-08 07:07:46.652175","","LAP-CUS","Laptop Customized","1","","30","","","2015-12-08 07:07:46.652175","t","1"
"358","2015-12-08 07:07:46.91349","","TESTER","iPad Retina Display","1","","6","","","2015-12-08 07:07:46.91349","t","1"
"360","2015-12-08 07:07:47.166058","","PD-SP4","Pen drive, SP-4","1","","33","","","2015-12-08 07:07:47.166058","t","1"
"362","2015-12-08 07:07:47.384349","","MM-SPK","Multimedia Speakers","1","","34","","","2015-12-08 07:07:47.384349","t","1"
"364","2015-12-08 07:07:47.57654","","HEAD-USB","Headset USB","1","","36","","","2015-12-08 07:07:47.57654","t","1"
"366","2015-12-08 07:07:47.767954","","CD","Blank CD","1","","38","","","2015-12-08 07:07:47.767954","t","1"
"384","2015-12-08 07:07:49.633172","","","GAP Analysis Service","1","","2","","","2015-12-08 07:07:49.633172","t","1"
"386","2015-12-08 07:07:49.812604","","RAM-SR3","RAM SR3","1","","18","","","2015-12-08 07:07:49.812604","t","1"
"388","2015-12-08 07:07:50.012028","","HDD-SH1","HDD SH-1","1","","20","","","2015-12-08 07:07:50.012028","t","1"
"390","2015-12-08 07:07:50.191191","","HDD-DEM","HDD on Demand","1","","22","","","2015-12-08 07:07:50.191191","t","1"
"392","2015-12-08 07:07:50.371088","","CPUi5","Processor Core i5 2.70 Ghz","1","","25","","","2015-12-08 07:07:50.371088","t","1"
"394","2015-12-08 07:07:50.549824","","LAP-E5","Laptop E5023","1","","28","","","2015-12-08 07:07:50.549824","t","1"
"396","2015-12-08 07:07:50.730889","","CPUa8","Processor AMD 8-Core","1","","26","","","2015-12-08 07:07:50.730889","t","1"
"511","2015-12-08 07:54:25.940266","0.00","","GAP Analysis Service","1","","503","","0","2015-12-08 07:54:25.940266","t","1"
"513","2015-12-08 07:54:26.576182","0.00","","Support Services","1","","505","","0","2015-12-08 07:54:26.576182","t","1"
"525","2015-12-09 04:26:46.247732","","CCCCCC","iPad Retina Display","1","","6","","","2015-12-09 04:26:46.247732","t","1"
"357","2015-12-08 07:07:46.742443","","CODE123","iPad Retina Display","1","","6","","","2015-12-08 07:07:46.742443","t","1"
"368","2015-12-08 07:07:48.01517","","PRINT","Printer, All-in-one","1","","40","","","2015-12-08 07:07:48.01517","t","1"
"370","2015-12-08 07:07:48.210602","","TONER","Toner Cartridge","1","","42","","","2015-12-08 07:07:48.210602","t","1"
"372","2015-12-08 07:07:48.400834","","SW24","Switch, 24 ports","1","","50","","","2015-12-08 07:07:48.400834","t","1"
"374","2015-12-08 07:07:48.579538","","EXT-HDD","External Hard disk","1","","31","","","2015-12-08 07:07:48.579538","t","1"
"376","2015-12-08 07:07:48.759945","","","Deposit","1","","63","","","2015-12-08 07:07:48.759945","t","1"
"378","2015-12-08 07:07:48.943781","","Zplus","Zed+ Antivirus","1","","46","","","2015-12-08 07:07:48.943781","t","1"
"380","2015-12-08 07:07:49.131072","","WServer","Windows Home Server 2011","1","","44","","","2015-12-08 07:07:49.131072","t","1"
"382","2015-12-08 07:07:49.309975","","TESTER","iPad Retina Display","1","","6","","","2015-12-08 07:07:49.309975","t","1"
"512","2015-12-08 07:54:26.285542","0.00","","External Audit","1","","504","","0","2015-12-08 07:54:26.285542","t","1"
"514","2015-12-08 07:54:26.880165","0.00","","Computer SC234","1","","506","","0","2015-12-08 07:54:26.880165","t","1"
"359","2015-12-08 07:07:47.072858","","PD-SP2","Pen drive, SP-2","1","","32","","","2015-12-08 07:07:47.072858","t","1"
"361","2015-12-08 07:07:47.257158","0.00","NEW2","Ice Cream","1","","64","","","2015-12-08 07:07:47.257158","t","1"
"363","2015-12-08 07:07:47.481456","","HEAD","Headset standard","1","","35","","","2015-12-08 07:07:47.481456","t","1"
"365","2015-12-08 07:07:47.670804","","WCAM","Webcam","1","","37","","","2015-12-08 07:07:47.670804","t","1"
"367","2015-12-08 07:07:47.858309","","ABC123","iPad Retina Display","1","","6","","","2015-12-08 07:07:47.858309","t","1"
"369","2015-12-08 07:07:48.113242","","INK","Ink Cartridge","1","","41","","","2015-12-08 07:07:48.113242","t","1"
"371","2015-12-08 07:07:48.307098","","ROUT_430","Router R430","1","","48","","","2015-12-08 07:07:48.307098","t","1"
"373","2015-12-08 07:07:48.491227","","DVD","Blank DVD-RW","1","","39","","","2015-12-08 07:07:48.491227","t","1"
"375","2015-12-08 07:07:48.668198","","DC","Datacard","1","","49","","","2015-12-08 07:07:48.668198","t","1"
"377","2015-12-08 07:07:48.854565","","GRAPs/w","GrapWorks Software","1","","47","","","2015-12-08 07:07:48.854565","t","1"
"379","2015-12-08 07:07:49.041479","","OSuite","Office Suite","1","","45","","","2015-12-08 07:07:49.041479","t","1"
"381","2015-12-08 07:07:49.220996","","Win7","Windows 7 Professional","1","","43","","","2015-12-08 07:07:49.220996","t","1"
"383","2015-12-08 07:07:49.468312","","ABC123","iPad Retina Display","1","","6","","","2015-12-08 07:07:49.468312","t","1"
"385","2015-12-08 07:07:49.723497","","RAM-SR2","RAM SR2 (kit)","1","","17","","","2015-12-08 07:07:49.723497","t","1"
"387","2015-12-08 07:07:49.907037","","C-Case","Computer Case","1","","19","","","2015-12-08 07:07:49.907037","t","1"
"389","2015-12-08 07:07:50.102034","","HDD-SH2","HDD SH-2 (mto)","1","","21","","","2015-12-08 07:07:50.102034","t","1"
"391","2015-12-08 07:07:50.281893","","MBa20","Motherboard A20Z7","1","","24","","","2015-12-08 07:07:50.281893","t","1"
"393","2015-12-08 07:07:50.458748","","CARD","Graphics Card","1","","27","","","2015-12-08 07:07:50.458748","t","1"
"395","2015-12-08 07:07:50.639601","","LAP-S3","Laptop S3450","1","","29","","","2015-12-08 07:07:50.639601","t","1"
"397","2015-12-08 07:07:50.821478","","MBi9","Motherboard I9P57","1","","23","","","2015-12-08 07:07:50.821478","t","1"
"398","2015-12-08 07:09:16.307786","","CODE123","iPad Retina Display","1","","6","","","2015-12-08 07:09:16.307786","t","1"
"399","2015-12-08 07:09:16.506622","","NEW1","Ice Cream","1","","64","","","2015-12-08 07:09:16.506622","t","1"
"400","2015-12-08 07:09:16.652588","","NEW2","Ice Cream","1","","64","","","2015-12-08 07:09:16.652588","t","1"
"401","2015-12-08 07:09:16.780531","","NEW2","Ice Cream","1","","64","","","2015-12-08 07:09:16.780531","t","1"
"402","2015-12-08 07:09:16.904845","","NEW2","Ice Cream","1","","64","","","2015-12-08 07:09:16.904845","t","1"
"403","2015-12-08 07:09:17.033936","","TESTER","iPad Retina Display","1","","6","","","2015-12-08 07:09:17.033936","t","1"
"404","2015-12-08 07:09:17.208317","","TESTER","iPad Retina Display","1","","6","","","2015-12-08 07:09:17.208317","t","1"
"405","2015-12-08 07:09:17.37229","1.00","SAMPLE","Ice Cream","1","","64","","","2015-12-08 07:09:17.37229","t","1"
"406","2015-12-08 07:10:00.925245","","SAMPLE","iPad Retina Display","1","","6","","","2015-12-08 07:10:00.925245","t","1"
"407","2015-12-08 07:10:01.140713","","CODE123","iPad Retina Display","1","","6","","","2015-12-08 07:10:01.140713","t","1"
"408","2015-12-08 07:10:01.320504","","NEW1","Ice Cream","1","","64","","","2015-12-08 07:10:01.320504","t","1"
"409","2015-12-08 07:10:01.483267","","NEW2","Ice Cream","1","","64","","","2015-12-08 07:10:01.483267","t","1"
"410","2015-12-08 07:10:01.608693","","NEW2","Ice Cream","1","","64","","","2015-12-08 07:10:01.608693","t","1"
"411","2015-12-08 07:10:01.811744","","NEW2","Ice Cream","1","","64","","","2015-12-08 07:10:01.811744","t","1"
"412","2015-12-08 07:10:01.946062","","TESTER","iPad Retina Display","1","","6","","","2015-12-08 07:10:01.946062","t","1"
"413","2015-12-08 07:10:02.117072","","TESTER","iPad Retina Display","1","","6","","","2015-12-08 07:10:02.117072","t","1"
"414","2015-12-08 07:10:02.280495","1.00","SAMPLE","Ice Cream","1","","64","","","2015-12-08 07:10:02.280495","t","1"
"415","2015-12-08 07:10:46.715319","","CCCCCC","iPad Retina Display","1","","6","","","2015-12-08 07:10:46.715319","t","1"
"416","2015-12-08 07:13:02.136941","","CCCCCC","iPad Retina Display","1","","6","","","2015-12-08 07:13:02.136941","t","1"
"417","2015-12-08 07:14:17.361157","","CCCCCC","iPad Retina Display","1","","6","","","2015-12-08 07:14:17.361157","t","1"
"418","2015-12-08 07:14:36.209016","","CCCCCC","iPad Retina Display","1","","6","","","2015-12-08 07:14:36.209016","t","1"
"419","2015-12-08 07:15:46.802201","","CCCCCC","iPad Retina Display","1","","6","","","2015-12-08 07:15:46.802201","t","1"
"420","2015-12-08 07:18:12.827565","","CCCCCC","iPad Retina Display","1","","6","","","2015-12-08 07:18:12.827565","t","1"
"421","2015-12-08 07:30:23.052882","","CCCCCC","iPad Retina Display","1","","6","","","2015-12-08 07:30:23.052882","t","1"
"422","2015-12-08 07:31:46.451804","","CCCCCC","iPad Retina Display","1","","6","","","2015-12-08 07:31:46.451804","t","1"
"423","2015-12-08 07:33:27.436568","","CCCCCC","iPad Retina Display","1","","6","","","2015-12-08 07:33:27.436568","t","1"
"424","2015-12-08 07:36:35.409825","","CCCCCC","iPad Retina Display","1","","6","","","2015-12-08 07:36:35.409825","t","1"
"425","2015-12-08 07:37:07.168925","","CCCCCC","iPad Retina Display","1","","6","","","2015-12-08 07:37:07.168925","t","1"
"426","2015-12-08 07:37:33.874543","","CCCCCC","iPad Retina Display","1","","6","","","2015-12-08 07:37:33.874543","t","1"
"427","2015-12-08 07:40:45.219996","","CCCCCC","iPad Retina Display","1","","6","","","2015-12-08 07:40:45.219996","t","1"
"428","2015-12-08 07:41:35.447706","","CCCCCC","iPad Retina Display","1","","6","","","2015-12-08 07:41:35.447706","t","1"
"429","2015-12-08 07:41:35.636449","","CODE123","iPad Retina Display","1","","6","","","2015-12-08 07:41:35.636449","t","1"
"430","2015-12-08 07:41:35.823984","","NEW1","Ice Cream","1","","64","","","2015-12-08 07:41:35.823984","t","1"
"431","2015-12-08 07:41:35.962742","","NEW2","Ice Cream","1","","64","","","2015-12-08 07:41:35.962742","t","1"
"432","2015-12-08 07:41:36.108982","","NEW2","Ice Cream","1","","64","","","2015-12-08 07:41:36.108982","t","1"
"433","2015-12-08 07:41:36.24975","","NEW2","Ice Cream","1","","64","","","2015-12-08 07:41:36.24975","t","1"
"434","2015-12-08 07:41:36.385015","","TESTER","iPad Retina Display","1","","6","","","2015-12-08 07:41:36.385015","t","1"
"435","2015-12-08 07:41:36.572226","","TESTER","iPad Retina Display","1","","6","","","2015-12-08 07:41:36.572226","t","1"
"436","2015-12-08 07:41:36.840135","1.00","SAMPLE","Ice Cream","1","","64","","","2015-12-08 07:41:36.840135","t","1"
"437","2015-12-08 07:41:55.789648","","CCCCCC","iPad Retina Display","1","","6","","","2015-12-08 07:41:55.789648","t","1"
"438","2015-12-08 07:41:55.984164","","CODE123","iPad Retina Display","1","","6","","","2015-12-08 07:41:55.984164","t","1"
"439","2015-12-08 07:41:56.172854","","NEW1","Ice Cream","1","","64","","","2015-12-08 07:41:56.172854","t","1"
"440","2015-12-08 07:41:56.318051","","NEW2","Ice Cream","1","","64","","","2015-12-08 07:41:56.318051","t","1"
"441","2015-12-08 07:41:56.459007","","NEW2","Ice Cream","1","","64","","","2015-12-08 07:41:56.459007","t","1"
"442","2015-12-08 07:41:56.619125","","TESTER","iPad Retina Display","1","","6","","","2015-12-08 07:41:56.619125","t","1"
"443","2015-12-08 07:41:56.80662","","TESTER","iPad Retina Display","1","","6","","","2015-12-08 07:41:56.80662","t","1"
"444","2015-12-08 07:41:56.998387","1.00","SAMPLE","Ice Cream","1","","64","","","2015-12-08 07:41:56.998387","t","1"
"445","2015-12-08 07:42:24.691371","3.00","CCCCCC","iPad Retina Display","1","","6","","","2015-12-08 07:42:24.691371","t","1"
"446","2015-12-08 07:42:24.891332","2.00","CODE123","iPad Retina Display","1","","6","","","2015-12-08 07:42:24.891332","t","1"
"447","2015-12-08 07:42:25.103477","23.00","NEW1","Ice Cream","1","","64","","","2015-12-08 07:42:25.103477","t","1"
"515","2015-12-09 04:03:09.568688","","CODE123","iPad Retina Display","1","","6","","","2015-12-09 04:03:09.568688","t","1"
"448","2015-12-08 07:52:22.859311","0.00","","GAP Analysis Service","1","","440","","0","2015-12-08 07:52:22.859311","t","1"
"449","2015-12-08 07:52:23.356036","0.00","","External Audit","1","","441","","0","2015-12-08 07:52:23.356036","t","1"
"516","2015-12-09 04:06:05.919389","","CODE123","iPad Retina Display","1","","6","","","2015-12-09 04:06:05.919389","t","1"
"450","2015-12-08 07:52:23.628386","0.00","","Support Services","1","","442","","0","2015-12-08 07:52:23.628386","t","1"
"517","2015-12-09 04:11:43.278528","0.00","","GAP Analysis Service","1","","510","","0","2015-12-09 04:11:43.278528","t","1"
"452","2015-12-08 07:52:24.174544","0.00","","iPad Retina Display","1","","444","","0","2015-12-08 07:52:24.174544","t","1"
"519","2015-12-09 04:11:44.363402","0.00","","Support Services","1","","512","","0","2015-12-09 04:11:44.363402","t","1"
"521","2015-12-09 04:26:08.496884","0.00","","GAP Analysis Service","1","","514","","0","2015-12-09 04:26:08.496884","t","1"
"523","2015-12-09 04:26:09.078089","0.00","","Support Services","1","","516","","0","2015-12-09 04:26:09.078089","t","1"
"475","2015-12-08 07:52:30.52109","0.00","","Laptop S3450","1","","467","","0","2015-12-08 07:52:30.52109","t","1"
"451","2015-12-08 07:52:23.898727","0.00","","Computer SC234","1","","443","","0","2015-12-08 07:52:23.898727","t","1"
"501","2015-12-08 07:52:37.527504","0.00","SAMPLE","30m RJ45 wire","1","","493","","0","2015-12-09 04:06:21.781691","t","1"
"453","2015-12-08 07:52:24.438732","0.00","","Bose Mini Bluetooth Speaker","1","","445","","0","2015-12-08 07:52:24.438732","t","1"
"495","2015-12-08 07:52:35.906976","0.00","","Datacard","1","","487","","0","2015-12-08 07:52:35.906976","t","1"
"477","2015-12-08 07:52:31.059565","0.00","","External Hard disk","1","","469","","0","2015-12-08 07:52:31.059565","t","1"
"455","2015-12-08 07:52:24.987962","0.00","","iPad Mini","1","","447","","0","2015-12-08 07:52:24.987962","t","1"
"457","2015-12-08 07:52:25.552046","0.00","","iMac","1","","449","","0","2015-12-08 07:52:25.552046","t","1"
"518","2015-12-09 04:11:44.027221","0.00","","External Audit","1","","511","","0","2015-12-09 04:11:44.027221","t","1"
"479","2015-12-08 07:52:31.599699","0.00","","Pen drive, SP-4","1","","471","","0","2015-12-08 07:52:31.599699","t","1"
"459","2015-12-08 07:52:26.107385","0.00","","Mouse, Optical","1","","451","","0","2015-12-08 07:52:26.107385","t","1"
"461","2015-12-08 07:52:26.63442","0.00","","Mouse, Wireless","1","","453","","0","2015-12-08 07:52:26.63442","t","1"
"497","2015-12-08 07:52:36.457063","0.00","","USB Adapter","1","","489","","0","2015-12-08 07:52:36.457063","t","1"
"520","2015-12-09 04:11:44.757124","0.00","","Computer SC234","1","","513","","0","2015-12-09 04:11:44.757124","t","1"
"481","2015-12-08 07:52:32.148412","0.00","","Headset standard","1","","473","","0","2015-12-08 07:52:32.148412","t","1"
"463","2015-12-08 07:52:27.177434","0.00","","RAM SR2 (kit)","1","","455","","0","2015-12-08 07:52:27.177434","t","1"
"527","2015-12-09 04:26:46.662018","23.00","NEW1","Ice Cream","1","","64","","","2015-12-09 04:26:46.662018","t","1"
"465","2015-12-08 07:52:27.714723","0.00","","Computer Case","1","","457","","0","2015-12-08 07:52:27.714723","t","1"
"483","2015-12-08 07:52:32.681226","0.00","","Webcam","1","","475","","0","2015-12-08 07:52:32.681226","t","1"
"467","2015-12-08 07:52:28.258312","0.00","","HDD SH-2 (mto)","1","","459","","0","2015-12-08 07:52:28.258312","t","1"
"469","2015-12-08 07:52:28.829874","0.00","","Motherboard I9P57","1","","461","","0","2015-12-08 07:52:28.829874","t","1"
"499","2015-12-08 07:52:37.002284","0.00","","Linutop","1","","491","","0","2015-12-08 07:52:37.002284","t","1"
"485","2015-12-08 07:52:33.220348","0.00","","Blank DVD-RW","1","","477","","0","2015-12-08 07:52:33.220348","t","1"
"471","2015-12-08 07:52:29.371978","0.00","","Processor Core i5 2.70 Ghz","1","","463","","0","2015-12-08 07:52:29.371978","t","1"
"473","2015-12-08 07:52:29.987069","0.00","","Graphics Card","1","","465","","0","2015-12-08 07:52:29.987069","t","1"
"487","2015-12-08 07:52:33.749564","0.00","","Ink Cartridge","1","","479","","0","2015-12-08 07:52:33.749564","t","1"
"489","2015-12-08 07:52:34.297451","0.00","","Windows 7 Professional","1","","481","","0","2015-12-08 07:52:34.297451","t","1"
"491","2015-12-08 07:52:34.838302","0.00","","Office Suite","1","","483","","0","2015-12-08 07:52:34.838302","t","1"
"503","2015-12-08 07:52:38.071681","0.00","","Ergonomic Mouse","1","","495","","0","2015-12-08 07:52:38.071681","t","1"
"493","2015-12-08 07:52:35.38259","0.00","","GrapWorks Software","1","","485","","0","2015-12-08 07:52:35.38259","t","1"
"505","2015-12-08 07:52:38.600742","0.00","","Desktop Lamp","1","","497","","0","2015-12-08 07:52:38.600742","t","1"
"507","2015-12-08 07:52:39.137023","0.00","","Little server","1","","499","","0","2015-12-08 07:52:39.137023","t","1"
"509","2015-12-08 07:52:39.685627","0.00","","Deposit","1","","501","","0","2015-12-08 07:52:39.685627","t","1"
"478","2015-12-08 07:52:31.32469","0.00","","Pen drive, SP-2","1","","470","","0","2015-12-08 07:52:31.32469","t","1"
"454","2015-12-08 07:52:24.709329","0.00","","Custom Computer (kit)","1","","446","","0","2015-12-08 07:52:24.709329","t","1"
"456","2015-12-08 07:52:25.258931","0.00","","Apple In-Ear Headphones","1","","448","","0","2015-12-08 07:52:25.258931","t","1"
"500","2015-12-08 07:52:37.266536","0.00","SAMPLE","8-port Switch","1","","492","","0","2015-12-09 04:06:21.781691","t","1"
"480","2015-12-08 07:52:31.874955","0.00","","Multimedia Speakers","1","","472","","0","2015-12-08 07:52:31.874955","t","1"
"522","2015-12-09 04:26:08.802005","0.00","","External Audit","1","","515","","0","2015-12-09 04:26:08.802005","t","1"
"458","2015-12-08 07:52:25.824832","0.00","","Apple Wireless Keyboard","1","","450","","0","2015-12-08 07:52:25.824832","t","1"
"498","2015-12-08 07:52:36.72452","0.00","","Dell Inspiron Laptop without OS","1","","490","","0","2015-12-08 07:52:36.72452","t","1"
"460","2015-12-08 07:52:26.371137","0.00","","iPod","1","","452","","0","2015-12-08 07:52:26.371137","t","1"
"482","2015-12-08 07:52:32.418193","0.00","","Headset USB","1","","474","","0","2015-12-08 07:52:32.418193","t","1"
"462","2015-12-08 07:52:26.904683","0.00","","RAM SR5","1","","454","","0","2015-12-08 07:52:26.904683","t","1"
"524","2015-12-09 04:26:09.357233","0.00","","Computer SC234","1","","517","","0","2015-12-09 04:26:09.357233","t","1"
"464","2015-12-08 07:52:27.44867","0.00","","RAM SR3","1","","456","","0","2015-12-08 07:52:27.44867","t","1"
"526","2015-12-09 04:26:46.459187","","CODE123","iPad Retina Display","1","","6","","","2015-12-09 04:26:46.459187","t","1"
"484","2015-12-08 07:52:32.951249","0.00","","Blank CD","1","","476","","0","2015-12-08 07:52:32.951249","t","1"
"466","2015-12-08 07:52:27.993001","0.00","","HDD SH-1","1","","458","","0","2015-12-08 07:52:27.993001","t","1"
"468","2015-12-08 07:52:28.548283","0.00","","HDD on Demand","1","","460","","0","2015-12-08 07:52:28.548283","t","1"
"486","2015-12-08 07:52:33.485063","0.00","","Printer, All-in-one","1","","478","","0","2015-12-08 07:52:33.485063","t","1"
"470","2015-12-08 07:52:29.109038","0.00","","Motherboard A20Z7","1","","462","","0","2015-12-08 07:52:29.109038","t","1"
"472","2015-12-08 07:52:29.710164","0.00","","Processor AMD 8-Core","1","","464","","0","2015-12-08 07:52:29.710164","t","1"
"488","2015-12-08 07:52:34.027827","0.00","","Toner Cartridge","1","","480","","0","2015-12-08 07:52:34.027827","t","1"
"474","2015-12-08 07:52:30.254021","0.00","","Laptop E5023","1","","466","","0","2015-12-08 07:52:30.254021","t","1"
"502","2015-12-08 07:52:37.790023","0.00","","TypeMatrix Dvorak Keyboard","1","","494","","0","2015-12-08 07:52:37.790023","t","1"
"476","2015-12-08 07:52:30.78631","0.00","","Laptop Customized","1","","468","","0","2015-12-08 07:52:30.78631","t","1"
"490","2015-12-08 07:52:34.566872","0.00","","Windows Home Server 2011","1","","482","","0","2015-12-08 07:52:34.566872","t","1"
"504","2015-12-08 07:52:38.333079","0.00","","Desktop Computer Table","1","","496","","0","2015-12-08 07:52:38.333079","t","1"
"492","2015-12-08 07:52:35.115822","0.00","","Zed+ Antivirus","1","","484","","0","2015-12-08 07:52:35.115822","t","1"
"494","2015-12-08 07:52:35.644358","0.00","","Router R430","1","","486","","0","2015-12-08 07:52:35.644358","t","1"
"506","2015-12-08 07:52:38.86842","0.00","","Basic Computer","1","","498","","0","2015-12-08 07:52:38.86842","t","1"
"496","2015-12-08 07:52:36.181799","0.00","","Switch, 24 ports","1","","488","","0","2015-12-08 07:52:36.181799","t","1"
"508","2015-12-08 07:52:39.403958","0.00","","Server","1","","500","","0","2015-12-08 07:52:39.403958","t","1"
"510","2015-12-08 07:52:39.964887","0.00","","Ice Cream","1","","502","","0","2015-12-08 07:52:39.964887","t","1"
